{
  "schedule": [
    {
      "date":"20151130",
      "movies":[
        "720d006c-3a57-4b6a-b18f-9b713b073f3c",
        "a8034f44-aee4-44cf-b32c-74cf452aaaae",
        "39ab85e5-5e8e-4dc5-afea-65dc368bd7ab"
      ]
    },
    {
      "date":"20151201",
      "movies":[
        "267eedb8-0f5d-42d5-8f43-72426b9fb3e6",
        "7daf7208-be4d-4944-a3ae-c1c2f516f3e6",
        "39ab85e5-5e8e-4dc5-afea-65dc368bd7ab",
        "a8034f44-aee4-44cf-b32c-74cf452aaaae"
      ]
    },
    {
      "date":"20151202",
      "movies":[
        "a8034f44-aee4-44cf-b32c-74cf452aaaae",
        "96798c08-d19b-4986-a05d-7da856efb697",
        "39ab85e5-5e8e-4dc5-afea-65dc368bd7ab",
        "276c79ec-a26a-40a6-b3d3-fb242a5947b6"
      ]
    },
    {
      "date":"20151203",
      "movies":[
        "720d006c-3a57-4b6a-b18f-9b713b073f3c",
        "39ab85e5-5e8e-4dc5-afea-65dc368bd7ab"
      ]
    },
    {
      "date":"20151204",
      "movies":[
        "96798c08-d19b-4986-a05d-7da856efb697",
        "a8034f44-aee4-44cf-b32c-74cf452aaaae",
        "7daf7208-be4d-4944-a3ae-c1c2f516f3e6"
      ]
    },
    {
      "date":"20151205",
      "movies":[
        "96798c08-d19b-4986-a05d-7da856efb697",
        "a8034f44-aee4-44cf-b32c-74cf452aaaae",
        "7daf7208-be4d-4944-a3ae-c1c2f516f3e6",
        "276c79ec-a26a-40a6-b3d3-fb242a5947b6",
        "39ab85e5-5e8e-4dc5-afea-65dc368bd7ab"
      ]
    }
  ]
}