{"movies": [{"title": "The Good Dinosaur", "rating": 7.4, "director": "Peter Sohn", "id": "720d006c-3a57-4b6a-b18f-9b713b073f3c"}, {"title": "The Martian", "rating": 6.2, "director": "Ridley Scott", "id": "a8034f44-aee4-44cf-b32c-74cf452aaaae"}, {"title": "The Night Before", "rating": 7.4, "director": "Jonathan Levine", "id": "96798c08-d19b-4986-a05d-7da856efb697"}, {"title": "Creed", "rating": 8.8, "director": "Ryan Coogler", "id": "267eedb8-0f5d-42d5-8f43-72426b9fb3e6"}, {"title": "Victor Frankenstein", "rating": 6.4, "director": "Paul McGuigan", "id": "7daf7208-be4d-4944-a3ae-c1c2f516f3e6"}, {"title": "The Danish Girl", "rating": 5.3, "director": "Tom Hooper", "id": "276c79ec-a26a-40a6-b3d3-fb242a5947b6"}, {"title": "Spectre", "rating": 7.1, "director": "Sam Mendes", "id": "39ab85e5-5e8e-4dc5-afea-65dc368bd7ab"}]}